USE [master]
GO
/****** Object:  Database [TestBilletKontoret.DA.OrderContext]    Script Date: 19.10.2016 18:24:32 ******/
CREATE DATABASE [TestBilletKontoret.DA.OrderContext]
 CONTAINMENT = NONE
 ON  PRIMARY 
( NAME = N'TestBilletKontoret.DA.OrderContext', FILENAME = N'C:\Program Files\Microsoft SQL Server\MSSQL11.SQLEXPRESS\MSSQL\DATA\TestBilletKontoret.DA.OrderContext.mdf' , SIZE = 4160KB , MAXSIZE = UNLIMITED, FILEGROWTH = 1024KB )
 LOG ON 
( NAME = N'TestBilletKontoret.DA.OrderContext_log', FILENAME = N'C:\Program Files\Microsoft SQL Server\MSSQL11.SQLEXPRESS\MSSQL\DATA\TestBilletKontoret.DA.OrderContext_log.ldf' , SIZE = 1040KB , MAXSIZE = 2048GB , FILEGROWTH = 10%)
GO
ALTER DATABASE [TestBilletKontoret.DA.OrderContext] SET COMPATIBILITY_LEVEL = 110
GO
IF (1 = FULLTEXTSERVICEPROPERTY('IsFullTextInstalled'))
begin
EXEC [TestBilletKontoret.DA.OrderContext].[dbo].[sp_fulltext_database] @action = 'enable'
end
GO
ALTER DATABASE [TestBilletKontoret.DA.OrderContext] SET ANSI_NULL_DEFAULT OFF 
GO
ALTER DATABASE [TestBilletKontoret.DA.OrderContext] SET ANSI_NULLS OFF 
GO
ALTER DATABASE [TestBilletKontoret.DA.OrderContext] SET ANSI_PADDING OFF 
GO
ALTER DATABASE [TestBilletKontoret.DA.OrderContext] SET ANSI_WARNINGS OFF 
GO
ALTER DATABASE [TestBilletKontoret.DA.OrderContext] SET ARITHABORT OFF 
GO
ALTER DATABASE [TestBilletKontoret.DA.OrderContext] SET AUTO_CLOSE ON 
GO
ALTER DATABASE [TestBilletKontoret.DA.OrderContext] SET AUTO_SHRINK OFF 
GO
ALTER DATABASE [TestBilletKontoret.DA.OrderContext] SET AUTO_UPDATE_STATISTICS ON 
GO
ALTER DATABASE [TestBilletKontoret.DA.OrderContext] SET CURSOR_CLOSE_ON_COMMIT OFF 
GO
ALTER DATABASE [TestBilletKontoret.DA.OrderContext] SET CURSOR_DEFAULT  GLOBAL 
GO
ALTER DATABASE [TestBilletKontoret.DA.OrderContext] SET CONCAT_NULL_YIELDS_NULL OFF 
GO
ALTER DATABASE [TestBilletKontoret.DA.OrderContext] SET NUMERIC_ROUNDABORT OFF 
GO
ALTER DATABASE [TestBilletKontoret.DA.OrderContext] SET QUOTED_IDENTIFIER OFF 
GO
ALTER DATABASE [TestBilletKontoret.DA.OrderContext] SET RECURSIVE_TRIGGERS OFF 
GO
ALTER DATABASE [TestBilletKontoret.DA.OrderContext] SET  ENABLE_BROKER 
GO
ALTER DATABASE [TestBilletKontoret.DA.OrderContext] SET AUTO_UPDATE_STATISTICS_ASYNC OFF 
GO
ALTER DATABASE [TestBilletKontoret.DA.OrderContext] SET DATE_CORRELATION_OPTIMIZATION OFF 
GO
ALTER DATABASE [TestBilletKontoret.DA.OrderContext] SET TRUSTWORTHY OFF 
GO
ALTER DATABASE [TestBilletKontoret.DA.OrderContext] SET ALLOW_SNAPSHOT_ISOLATION OFF 
GO
ALTER DATABASE [TestBilletKontoret.DA.OrderContext] SET PARAMETERIZATION SIMPLE 
GO
ALTER DATABASE [TestBilletKontoret.DA.OrderContext] SET READ_COMMITTED_SNAPSHOT ON 
GO
ALTER DATABASE [TestBilletKontoret.DA.OrderContext] SET HONOR_BROKER_PRIORITY OFF 
GO
ALTER DATABASE [TestBilletKontoret.DA.OrderContext] SET RECOVERY SIMPLE 
GO
ALTER DATABASE [TestBilletKontoret.DA.OrderContext] SET  MULTI_USER 
GO
ALTER DATABASE [TestBilletKontoret.DA.OrderContext] SET PAGE_VERIFY CHECKSUM  
GO
ALTER DATABASE [TestBilletKontoret.DA.OrderContext] SET DB_CHAINING OFF 
GO
ALTER DATABASE [TestBilletKontoret.DA.OrderContext] SET FILESTREAM( NON_TRANSACTED_ACCESS = OFF ) 
GO
ALTER DATABASE [TestBilletKontoret.DA.OrderContext] SET TARGET_RECOVERY_TIME = 0 SECONDS 
GO
USE [TestBilletKontoret.DA.OrderContext]
GO
/****** Object:  Table [dbo].[__MigrationHistory]    Script Date: 19.10.2016 18:24:32 ******/
SET ANSI_NULLS ON
GO
SET QUOTED_IDENTIFIER ON
GO
SET ANSI_PADDING ON
GO
CREATE TABLE [dbo].[__MigrationHistory](
	[MigrationId] [nvarchar](150) NOT NULL,
	[ContextKey] [nvarchar](300) NOT NULL,
	[Model] [varbinary](max) NOT NULL,
	[ProductVersion] [nvarchar](32) NOT NULL,
 CONSTRAINT [PK_dbo.__MigrationHistory] PRIMARY KEY CLUSTERED 
(
	[MigrationId] ASC,
	[ContextKey] ASC
)WITH (PAD_INDEX = OFF, STATISTICS_NORECOMPUTE = OFF, IGNORE_DUP_KEY = OFF, ALLOW_ROW_LOCKS = ON, ALLOW_PAGE_LOCKS = ON) ON [PRIMARY]
) ON [PRIMARY] TEXTIMAGE_ON [PRIMARY]

GO
SET ANSI_PADDING OFF
GO
/****** Object:  Table [dbo].[customers]    Script Date: 19.10.2016 18:24:32 ******/
SET ANSI_NULLS ON
GO
SET QUOTED_IDENTIFIER ON
GO
CREATE TABLE [dbo].[customers](
	[id] [int] IDENTITY(1,1) NOT NULL,
	[name] [nvarchar](100) NULL,
	[address] [nvarchar](100) NULL,
	[login] [nvarchar](50) NOT NULL,
	[password] [nvarchar](50) NOT NULL,
 CONSTRAINT [PK_dbo.customers] PRIMARY KEY CLUSTERED 
(
	[id] ASC
)WITH (PAD_INDEX = OFF, STATISTICS_NORECOMPUTE = OFF, IGNORE_DUP_KEY = OFF, ALLOW_ROW_LOCKS = ON, ALLOW_PAGE_LOCKS = ON) ON [PRIMARY]
) ON [PRIMARY]

GO
/****** Object:  Table [dbo].[order_lines]    Script Date: 19.10.2016 18:24:32 ******/
SET ANSI_NULLS ON
GO
SET QUOTED_IDENTIFIER ON
GO
CREATE TABLE [dbo].[order_lines](
	[id] [int] IDENTITY(1,1) NOT NULL,
	[state] [tinyint] NOT NULL,
	[product_name] [nvarchar](max) NOT NULL,
	[count] [int] NOT NULL,
	[price] [decimal](18, 2) NOT NULL,
	[order_id] [int] NOT NULL,
 CONSTRAINT [PK_dbo.order_lines] PRIMARY KEY CLUSTERED 
(
	[id] ASC
)WITH (PAD_INDEX = OFF, STATISTICS_NORECOMPUTE = OFF, IGNORE_DUP_KEY = OFF, ALLOW_ROW_LOCKS = ON, ALLOW_PAGE_LOCKS = ON) ON [PRIMARY]
) ON [PRIMARY] TEXTIMAGE_ON [PRIMARY]

GO
/****** Object:  Table [dbo].[orders]    Script Date: 19.10.2016 18:24:32 ******/
SET ANSI_NULLS ON
GO
SET QUOTED_IDENTIFIER ON
GO
CREATE TABLE [dbo].[orders](
	[id] [int] IDENTITY(1,1) NOT NULL,
	[state] [tinyint] NOT NULL,
	[number] [int] NOT NULL,
	[creation_date] [datetime] NOT NULL,
	[description] [nvarchar](200) NULL,
	[customer_id] [int] NOT NULL,
 CONSTRAINT [PK_dbo.orders] PRIMARY KEY CLUSTERED 
(
	[id] ASC
)WITH (PAD_INDEX = OFF, STATISTICS_NORECOMPUTE = OFF, IGNORE_DUP_KEY = OFF, ALLOW_ROW_LOCKS = ON, ALLOW_PAGE_LOCKS = ON) ON [PRIMARY]
) ON [PRIMARY]

GO
INSERT [dbo].[__MigrationHistory] ([MigrationId], [ContextKey], [Model], [ProductVersion]) VALUES (N'201610161348018_InitialCreate', N'TestBilletKontoret.DA.Migrations.Configuration', 0x1F8B0800000000000400ED5B5B6FDB36147E1FB0FF20E8691B52CB7151A00BEC16A9DD0C4673439C147B0B1889768851944652998D61BF6C0FFB49FB0B2375A548DDE364D91014282C5EBE73786E3C3A47F9FBCFBFA61FB73EB61E2065282033FB7034B62D48DCC0436433B323BE7EF3DEFEF8E1DB6FA69F3D7F6B7DCDD6BD95EBC44EC266F63DE7E191E330F71EFA808D7CE4D280056B3E7203DF015EE04CC6E31F9DC343070A085B6059D6F42A221CF9307E108FF380B830E411C0678107314BC7C5CC2A46B5CE810F59085C38B3AF21E39F10C6907F09080F28E4A3C5B16D1D630404332B88D7B605080938E082D5A31B06579C0664B30AC500C0D7BB108A756B80194C8F70542CEF7A9AF1449EC6293666506EC478E0F7043C7C9B8AC7D1B70F12B29D8B4F08F0B31034DFC953C7429CD9F39804A4B6A5133B9A632A17D6C878144321C84619C48155B9F020B713614EF2DF81358F308F289C1118710AF0817519DD61E47E81BBEBE017486624C258655B302EE64A0362E8920621A47C7705D7E961969E6D39E57D8EBE31DFA6EC498EB924FCEDC4B6CE05717087616E158A4856F2503F410229E0D0BB049C434A24068CE56A50D768C9FF336AC20C8553D9D619D89E42B2E1F7C2DDC6C28D4ED0167AD948CAC10D41C207C5264E23D846E4D8F32864ECC9E99C061B441AA8BCEB46C4107733D54BC0D86F01F59E98F0D4293CA5D17F2EA807E92922F0110E9463BC7A509BFA5702A6702111DD0BE1A5537DED89065EE4F216CF143F9FC298E781B8F8DA84D7C63F7273CE17D0453EC0B67549C5AFF40E7F6F5B2B1748C0FEE8B170DBF5AB819C8307B489D55D05675B5710C7B3EC1E85BA166FD3352734F0AF02AC7A583275BB0A221A1F39A89EBF067403F963DCF9B1AEFCEAC603DD78980B9F47FE9D54DA63DC684E617CB085C297FC7D8DFCFE0C2D2073290A938CAD36A64CF6720B67C9D7FE9CB4C808EBFCF4B658A2B9693E53EDA5C5743F278DFCAA1B37B596253BC1605324F1FD7D37F299768DECD983854A053ADE09134838F9B4139C97F57106A515671644C15A48E72BC091781A1BCA2B2D5E4A0DBA71CA976E386CDEB00864BA92AE9D984A48C4DDA682FD8BFF55F415A23F662C70512C4A55FA850F96A97D269ED5EC905ACC153149C811854272C2F766F60FC6016A21332756208BC850463DB4F54BEB822CA05031B48EDDE4CD780E980B3C335009A978E51171CF412A2F1A80E7223A09E523C2CD4B111117850037F2AEEDEA78994AAE727C7D66014348E43DD8A8872E84D5D86E3290D3D1C4D5269DA9A39854074B53B2B246BBA84AD12AD2F4DEF65691DAB5D9F00BB13693F3E7323753175D28E7D9FE33185B72D58B3D5CECC8C363CC811C845B5E7195DC3098DE262CCD8E74CB91A02BC8350712E1B9482D8C4865985F19241768158A62D65D606A218CED8AD8340C25FB521655E767BA1E5B6F879CEB8261C3185AEF030544D180EE68E513763DBDFA8E5873FCBA80D52964E9024815DF26848A20D52ACA061164A970EE1F4509DC496AE059ADDCA929964FCF40188AA447299EA723D62AA99CCFDFACFAD793FD04C37159455939E736A724B237B081DAACAC7B78F00451C6C52B16B803326D9C7BBEB1AC140D6ABC2B23A53BBCA9AFCCEDB21DF277B2AB3A31AD73A2429227E270BE8CBCF1DB7085D59B5BE31E06C08056BC7CCF031CF92479461551B87E7752BD52F79378A43B425E3456414036D81D272D0AAB283819EA8E5194785598301F3591A68EA611E3FE32D46FDCFA657BEA646D4A8078BCB91537497F7B6BD8FB340697BEFBA9002C19EAA166B5F25AD2743271DBD786D36AAA0AE526437D988ACBA96576E2A1EE18791AA5A204F1DD502DE57FD37CF766BA43CDF6BF64B259A5B11469D3B11E765AAA3596CC359DB9F57A3256AA38AA889E3AD18345E5CDB3C46096EAFD0B866CE444FA929C7A9E1B6939D034CD47DABF2A30129464896CAC040FC893C9C96AC738F44772C168F52B9E630465A8C9169C0182D6C25B9252943D191F4EB4AF125ECE17020E631EEEF899C0806684692BEDCD089497B391946A6BBBA167859E28ED3EF200A87B0FA8D9222F40BB54E241B9EFBE2F58ACB6D92B41DF8D7B9F3FD4BAE8C3700734C9FF1FE6C3D4F61547641753E9AB83529A53D6C3773ED87EDF1BD155DBC9C358529AC9DEBE9BC9450AA47068D47896C483DB99FD7BBCE9C85AFE7C9BED3BB0623B3AB2C6D61F7BB5CC57AB542263A9993A04414B62526312BFF9905EAA67F6522B83D5A47F642D2533FD4C52D9BA07AB1CDCE2292A81CFDD82D1CA5F43DA4A83EAEA0D45992E3EDABF92DE8950635AFCF23A35CFDC40A928950E6D0D0DEFC53C9BC1D494704C62F51581676BB79875D86EFD94C6764AF2AA2422F75D20D49C0443B7B60D50DB6D696EB6541149048AAB0AF6D564EA9B31B5F026F253376A7499970BCCAD8D09B30FF1223B31ED6CD60592CA32E893745ACCEA817048E52F17443C60685340C8BF6320D02DB962BE6649D6411613348EB2255ABA72063910691438A61CAD81CBD32F4FE2CFCAD20F4A3E8BDCCD5B928B888711174786FE1D2E7D8B27234B13FDB89D54E6797A11275F6C1F47106C2299095E904F11C25ECEF74945AE54032143569A334B5D72993B6F7639D279A06BBF0E28155F1E69AFA11F6201C62EC80A3CC021BCDD30780A37C0DD6545A07A90764594C53E5D20B0A1C0672946B15F3C0A1BF6FCED877F008B25522EC0330000, N'6.1.3-40302')
SET IDENTITY_INSERT [dbo].[customers] ON 

INSERT [dbo].[customers] ([id], [name], [address], [login], [password]) VALUES (1, N'Василий', N'Ростов', N'1', N'1')
INSERT [dbo].[customers] ([id], [name], [address], [login], [password]) VALUES (2, N'Инокентий', N'Елабуга', N'2', N'2')
SET IDENTITY_INSERT [dbo].[customers] OFF
SET IDENTITY_INSERT [dbo].[order_lines] ON 

INSERT [dbo].[order_lines] ([id], [state], [product_name], [count], [price], [order_id]) VALUES (1, 0, N'Тарелка', 2, CAST(100.00 AS Decimal(18, 2)), 2)
INSERT [dbo].[order_lines] ([id], [state], [product_name], [count], [price], [order_id]) VALUES (2, 0, N'Тарелка1', 2, CAST(10.00 AS Decimal(18, 2)), 2)
INSERT [dbo].[order_lines] ([id], [state], [product_name], [count], [price], [order_id]) VALUES (3, 1, N'Вино', 3, CAST(150.00 AS Decimal(18, 2)), 3)
INSERT [dbo].[order_lines] ([id], [state], [product_name], [count], [price], [order_id]) VALUES (4, 2, N'Сыр', 100, CAST(5.00 AS Decimal(18, 2)), 3)
INSERT [dbo].[order_lines] ([id], [state], [product_name], [count], [price], [order_id]) VALUES (7, 0, N'Автомобиль', 1, CAST(10000.00 AS Decimal(18, 2)), 5)
INSERT [dbo].[order_lines] ([id], [state], [product_name], [count], [price], [order_id]) VALUES (8, 1, N'Двигатель', 1, CAST(7543.00 AS Decimal(18, 2)), 5)
INSERT [dbo].[order_lines] ([id], [state], [product_name], [count], [price], [order_id]) VALUES (10, 1, N'Крыло', 1, CAST(6773.00 AS Decimal(18, 2)), 5)
INSERT [dbo].[order_lines] ([id], [state], [product_name], [count], [price], [order_id]) VALUES (11, 2, N'Снег', 10, CAST(1000.00 AS Decimal(18, 2)), 7)
INSERT [dbo].[order_lines] ([id], [state], [product_name], [count], [price], [order_id]) VALUES (12, 2, N'Воздух', 1000, CAST(1.00 AS Decimal(18, 2)), 7)
INSERT [dbo].[order_lines] ([id], [state], [product_name], [count], [price], [order_id]) VALUES (13, 1, N'Хорошее настроение', 45, CAST(200.00 AS Decimal(18, 2)), 8)
INSERT [dbo].[order_lines] ([id], [state], [product_name], [count], [price], [order_id]) VALUES (14, 1, N'Приятный вечер', 21, CAST(300.00 AS Decimal(18, 2)), 8)
SET IDENTITY_INSERT [dbo].[order_lines] OFF
SET IDENTITY_INSERT [dbo].[orders] ON 

INSERT [dbo].[orders] ([id], [state], [number], [creation_date], [description], [customer_id]) VALUES (2, 2, 1, CAST(N'2016-10-23 20:00:00.000' AS DateTime), N'des', 1)
INSERT [dbo].[orders] ([id], [state], [number], [creation_date], [description], [customer_id]) VALUES (3, 1, 2, CAST(N'2016-10-17 17:49:47.230' AS DateTime), N'des', 1)
INSERT [dbo].[orders] ([id], [state], [number], [creation_date], [description], [customer_id]) VALUES (5, 0, 3, CAST(N'2016-10-20 21:54:00.000' AS DateTime), N'Описание', 2)
INSERT [dbo].[orders] ([id], [state], [number], [creation_date], [description], [customer_id]) VALUES (7, 2, 4, CAST(N'2016-10-21 20:43:00.000' AS DateTime), N'Описание', 2)
INSERT [dbo].[orders] ([id], [state], [number], [creation_date], [description], [customer_id]) VALUES (8, 1, 5, CAST(N'2016-10-22 00:00:00.000' AS DateTime), N'Описание', 2)
SET IDENTITY_INSERT [dbo].[orders] OFF
/****** Object:  Index [IX_order_id]    Script Date: 19.10.2016 18:24:32 ******/
CREATE NONCLUSTERED INDEX [IX_order_id] ON [dbo].[order_lines]
(
	[order_id] ASC
)WITH (PAD_INDEX = OFF, STATISTICS_NORECOMPUTE = OFF, SORT_IN_TEMPDB = OFF, DROP_EXISTING = OFF, ONLINE = OFF, ALLOW_ROW_LOCKS = ON, ALLOW_PAGE_LOCKS = ON) ON [PRIMARY]
GO
/****** Object:  Index [IX_customer_id]    Script Date: 19.10.2016 18:24:32 ******/
CREATE NONCLUSTERED INDEX [IX_customer_id] ON [dbo].[orders]
(
	[customer_id] ASC
)WITH (PAD_INDEX = OFF, STATISTICS_NORECOMPUTE = OFF, SORT_IN_TEMPDB = OFF, DROP_EXISTING = OFF, ONLINE = OFF, ALLOW_ROW_LOCKS = ON, ALLOW_PAGE_LOCKS = ON) ON [PRIMARY]
GO
ALTER TABLE [dbo].[order_lines]  WITH CHECK ADD  CONSTRAINT [FK_dbo.order_lines_dbo.orders_order_id] FOREIGN KEY([order_id])
REFERENCES [dbo].[orders] ([id])
ON DELETE CASCADE
GO
ALTER TABLE [dbo].[order_lines] CHECK CONSTRAINT [FK_dbo.order_lines_dbo.orders_order_id]
GO
ALTER TABLE [dbo].[orders]  WITH CHECK ADD  CONSTRAINT [FK_dbo.orders_dbo.customers_customer_id] FOREIGN KEY([customer_id])
REFERENCES [dbo].[customers] ([id])
ON DELETE CASCADE
GO
ALTER TABLE [dbo].[orders] CHECK CONSTRAINT [FK_dbo.orders_dbo.customers_customer_id]
GO
USE [master]
GO
ALTER DATABASE [TestBilletKontoret.DA.OrderContext] SET  READ_WRITE 
GO
